predicted,actual
Carlsen,Capablanca
Nakamura,Morphy
Capablanca,Carlsen
Kasparov,Kasparov
Fischer,Nakamura
Morphy,Fischer
Morphy,Kasparov
Fischer,Capablanca
Morphy,Carlsen
Capablanca,Capablanca
Morphy,Capablanca
Fischer,Kasparov
Carlsen,Carlsen
Morphy,Fischer
Nakamura,Fischer
Carlsen,Capablanca
Morphy,Morphy
Capablanca,Morphy
Morphy,Fischer
Fischer,Morphy
Carlsen,Kasparov
Fischer,Nakamura
Morphy,Carlsen
Nakamura,Fischer
Morphy,Nakamura
Morphy,Nakamura
Fischer,Kasparov
Kasparov,Carlsen
Kasparov,Carlsen
Morphy,Carlsen
Nakamura,Capablanca
Fischer,Kasparov
Fischer,Nakamura
Fischer,Kasparov
Fischer,Fischer
Kasparov,Kasparov
Capablanca,Kasparov
Morphy,Kasparov
Capablanca,Nakamura
Nakamura,Fischer
Capablanca,Morphy
Capablanca,Nakamura
Fischer,Nakamura
Kasparov,Morphy
Morphy,Morphy
Nakamura,Fischer
Fischer,Kasparov
Fischer,Morphy
Fischer,Fischer
Fischer,Morphy
Carlsen,Carlsen
Morphy,Carlsen
Kasparov,Carlsen
Capablanca,Capablanca
Carlsen,Fischer
Nakamura,Nakamura
Morphy,Fischer
Kasparov,Fischer
Nakamura,Fischer
Morphy,Kasparov
Fischer,Carlsen
Capablanca,Kasparov
Fischer,Kasparov
Fischer,Kasparov
Capablanca,Fischer
Fischer,Kasparov
Morphy,Carlsen
Capablanca,Nakamura
Morphy,Morphy
Nakamura,Carlsen
Fischer,Kasparov
Carlsen,Morphy
Capablanca,Fischer
Capablanca,Morphy
Kasparov,Nakamura
Fischer,Capablanca
Kasparov,Carlsen
Fischer,Capablanca
Kasparov,Kasparov
Morphy,Kasparov
Fischer,Kasparov
Morphy,Morphy
Fischer,Capablanca
Fischer,Capablanca
Capablanca,Carlsen
Fischer,Morphy
Nakamura,Kasparov
Capablanca,Capablanca
Fischer,Fischer
Nakamura,Nakamura
Fischer,Nakamura
Fischer,Kasparov
Morphy,Carlsen
Nakamura,Morphy
Morphy,Morphy
Kasparov,Kasparov
Carlsen,Fischer
Capablanca,Nakamura
Nakamura,Fischer
Fischer,Kasparov
Kasparov,Nakamura
Morphy,Nakamura
Nakamura,Fischer
Morphy,Nakamura
Morphy,Capablanca
Morphy,Kasparov
Morphy,Fischer
Fischer,Kasparov
Kasparov,Nakamura
Capablanca,Capablanca
Fischer,Capablanca
Fischer,Nakamura
Kasparov,Nakamura
Nakamura,Morphy
Capablanca,Carlsen
Morphy,Fischer
Morphy,Nakamura
Nakamura,Morphy
Fischer,Fischer
Nakamura,Capablanca
Capablanca,Capablanca
Kasparov,Morphy
Fischer,Carlsen
Capablanca,Fischer
Kasparov,Carlsen
Fischer,Nakamura
Capablanca,Kasparov
Carlsen,Carlsen
Capablanca,Carlsen
Morphy,Nakamura
Nakamura,Carlsen
Nakamura,Capablanca
Morphy,Kasparov
Fischer,Nakamura
Fischer,Morphy
Fischer,Capablanca
Capablanca,Capablanca
Carlsen,Kasparov
Capablanca,Nakamura
Morphy,Fischer
Fischer,Morphy
Morphy,Nakamura
Kasparov,Kasparov
Carlsen,Nakamura
Capablanca,Fischer
Capablanca,Carlsen
Capablanca,Capablanca
Morphy,Carlsen
Fischer,Morphy
Morphy,Carlsen
Nakamura,Capablanca
Nakamura,Kasparov
Carlsen,Morphy
Fischer,Carlsen
Morphy,Capablanca
Nakamura,Carlsen
Morphy,Nakamura
Morphy,Capablanca
Capablanca,Kasparov
Fischer,Carlsen
Kasparov,Kasparov
Fischer,Carlsen
Carlsen,Kasparov
Morphy,Fischer
Capablanca,Kasparov
Fischer,Carlsen
Kasparov,Fischer
Carlsen,Kasparov
Morphy,Fischer
Capablanca,Kasparov
Capablanca,Carlsen
Morphy,Kasparov
Fischer,Carlsen
Morphy,Morphy
Morphy,Fischer
Fischer,Fischer
Kasparov,Kasparov
Morphy,Capablanca
Fischer,Fischer
Capablanca,Morphy
Morphy,Carlsen
Kasparov,Carlsen
Carlsen,Kasparov
Morphy,Nakamura
Nakamura,Fischer
Fischer,Nakamura
Nakamura,Fischer
Carlsen,Kasparov
Kasparov,Fischer
Fischer,Morphy
Capablanca,Capablanca
Fischer,Fischer
Fischer,Carlsen
Capablanca,Capablanca
Fischer,Fischer
Morphy,Carlsen
Kasparov,Capablanca
Fischer,Kasparov
Kasparov,Morphy
Fischer,Morphy
Fischer,Fischer
Morphy,Morphy
Nakamura,Capablanca
Nakamura,Capablanca
Morphy,Morphy
Fischer,Kasparov
Fischer,Capablanca
Fischer,Kasparov
Kasparov,Morphy
Nakamura,Kasparov
Nakamura,Morphy
Fischer,Morphy
Fischer,Carlsen
Fischer,Kasparov
Fischer,Kasparov
Fischer,Nakamura
Morphy,Capablanca
Kasparov,Kasparov
Capablanca,Morphy
Capablanca,Nakamura
Morphy,Capablanca
Capablanca,Fischer
Kasparov,Morphy
Capablanca,Morphy
Kasparov,Capablanca
Carlsen,Nakamura
Fischer,Kasparov
Fischer,Kasparov
Kasparov,Nakamura
Morphy,Kasparov
Nakamura,Capablanca
Kasparov,Kasparov
Capablanca,Kasparov
Carlsen,Kasparov
Nakamura,Fischer
Kasparov,Kasparov
Carlsen,Nakamura
Nakamura,Carlsen
Capablanca,Kasparov
Nakamura,Kasparov
Morphy,Nakamura
Capablanca,Fischer
Kasparov,Nakamura
Kasparov,Nakamura
Capablanca,Fischer
Capablanca,Nakamura
Fischer,Carlsen
Kasparov,Kasparov
Morphy,Morphy
Kasparov,Morphy
Kasparov,Fischer
Fischer,Kasparov
Morphy,Kasparov
Capablanca,Nakamura
Nakamura,Carlsen
Morphy,Capablanca
Kasparov,Nakamura
Carlsen,Nakamura
Morphy,Fischer
Capablanca,Fischer
Morphy,Kasparov
Kasparov,Fischer
Morphy,Nakamura
Nakamura,Kasparov
Fischer,Kasparov
Morphy,Nakamura
Morphy,Morphy
Kasparov,Fischer
Fischer,Carlsen
Morphy,Carlsen
Kasparov,Carlsen
Capablanca,Kasparov
Capablanca,Nakamura
Morphy,Fischer
Nakamura,Carlsen
Carlsen,Fischer
Morphy,Morphy
Morphy,Carlsen
Morphy,Capablanca
Morphy,Capablanca
Nakamura,Carlsen
Capablanca,Fischer
Morphy,Kasparov
Kasparov,Morphy
Fischer,Morphy
Morphy,Capablanca
Morphy,Kasparov
Nakamura,Fischer
Kasparov,Nakamura
Nakamura,Carlsen
Nakamura,Nakamura
Kasparov,Carlsen
Nakamura,Fischer
Capablanca,Carlsen
Nakamura,Fischer
Morphy,Fischer
Carlsen,Capablanca
Morphy,Kasparov
Fischer,Fischer
Capablanca,Fischer
Fischer,Morphy
Morphy,Morphy
Capablanca,Capablanca
Kasparov,Kasparov
Carlsen,Morphy
Morphy,Carlsen
Carlsen,Carlsen
Fischer,Nakamura
Fischer,Kasparov
Morphy,Kasparov
Nakamura,Carlsen
Nakamura,Morphy
Carlsen,Fischer
Fischer,Capablanca
Nakamura,Carlsen
Fischer,Fischer
Capablanca,Nakamura
Kasparov,Carlsen
Kasparov,Fischer
Morphy,Carlsen
Fischer,Capablanca
Morphy,Carlsen
Morphy,Morphy
Kasparov,Carlsen
Kasparov,Capablanca
Morphy,Carlsen
Kasparov,Carlsen
Morphy,Capablanca
Morphy,Carlsen
Nakamura,Capablanca
Fischer,Carlsen
Fischer,Nakamura
Morphy,Carlsen
Kasparov,Kasparov
Carlsen,Fischer
Fischer,Capablanca
Fischer,Fischer
Kasparov,Fischer
Capablanca,Morphy
Morphy,Capablanca
Nakamura,Fischer
Capablanca,Nakamura
Kasparov,Morphy
Kasparov,Fischer
Carlsen,Fischer
Morphy,Capablanca
Morphy,Carlsen
Kasparov,Fischer
Carlsen,Morphy
Carlsen,Carlsen
Kasparov,Fischer
Morphy,Fischer
Fischer,Fischer
Morphy,Kasparov
Capablanca,Capablanca
Fischer,Morphy
Kasparov,Kasparov
Morphy,Morphy
Morphy,Capablanca
Morphy,Morphy
Fischer,Carlsen
Morphy,Capablanca
Fischer,Carlsen
Morphy,Morphy
Kasparov,Kasparov
Fischer,Fischer
Fischer,Capablanca
Kasparov,Carlsen
Fischer,Morphy
Morphy,Kasparov
Morphy,Nakamura
Morphy,Kasparov
Carlsen,Morphy
Nakamura,Fischer
Nakamura,Morphy
Fischer,Kasparov
Morphy,Nakamura
Morphy,Morphy
Capablanca,Kasparov
Morphy,Kasparov
Capablanca,Nakamura
Fischer,Carlsen
Morphy,Capablanca
Kasparov,Morphy
Morphy,Morphy
Nakamura,Nakamura
Carlsen,Fischer
Kasparov,Carlsen
Fischer,Carlsen
Capablanca,Capablanca
Fischer,Kasparov
Kasparov,Carlsen
Nakamura,Nakamura
Kasparov,Morphy
Nakamura,Kasparov
Capablanca,Morphy
Morphy,Fischer
Carlsen,Kasparov
Kasparov,Capablanca
Kasparov,Kasparov
Kasparov,Kasparov
Morphy,Carlsen
Nakamura,Kasparov
Kasparov,Carlsen
Morphy,Carlsen
Morphy,Fischer
Capablanca,Nakamura
Kasparov,Carlsen
Carlsen,Morphy
Fischer,Morphy
Kasparov,Kasparov
Morphy,Nakamura
Kasparov,Capablanca
Capablanca,Nakamura
Morphy,Capablanca
Carlsen,Kasparov
Morphy,Morphy
Nakamura,Morphy
Capablanca,Fischer
Fischer,Morphy
Nakamura,Morphy
Morphy,Nakamura
Nakamura,Capablanca
Nakamura,Morphy
Carlsen,Morphy
Kasparov,Carlsen
Morphy,Fischer
Morphy,Morphy
Morphy,Fischer
Morphy,Carlsen
Fischer,Morphy
Morphy,Carlsen
Kasparov,Carlsen
Kasparov,Nakamura
Nakamura,Fischer
Carlsen,Kasparov
Kasparov,Fischer
Fischer,Nakamura
Morphy,Kasparov
Kasparov,Capablanca
Carlsen,Capablanca
Capablanca,Capablanca
Morphy,Nakamura
Capablanca,Carlsen
Fischer,Carlsen
Nakamura,Morphy
Morphy,Nakamura
Nakamura,Nakamura
Carlsen,Fischer
Capablanca,Carlsen
Kasparov,Carlsen
Fischer,Capablanca
Capablanca,Morphy
Fischer,Morphy
Capablanca,Nakamura
Fischer,Fischer
Morphy,Fischer
Carlsen,Fischer
Morphy,Kasparov
Morphy,Morphy
Nakamura,Nakamura
Morphy,Fischer
Morphy,Morphy
Morphy,Fischer
Fischer,Morphy
Capablanca,Fischer
Capablanca,Carlsen
Fischer,Capablanca
Morphy,Fischer
Kasparov,Fischer
Kasparov,Capablanca
Capablanca,Capablanca
Capablanca,Capablanca
Morphy,Nakamura
Fischer,Fischer
Fischer,Fischer
Capablanca,Kasparov
Fischer,Capablanca
Carlsen,Capablanca
Kasparov,Capablanca
Fischer,Kasparov
Morphy,Kasparov
Carlsen,Kasparov
Nakamura,Kasparov
Capablanca,Fischer
Carlsen,Nakamura
Kasparov,Carlsen
Capablanca,Capablanca
Kasparov,Nakamura
Nakamura,Capablanca
Nakamura,Carlsen
Morphy,Fischer
Fischer,Kasparov
Kasparov,Fischer
Capablanca,Carlsen
Morphy,Kasparov
Fischer,Nakamura
Kasparov,Capablanca
Fischer,Morphy
Nakamura,Carlsen
Kasparov,Nakamura
Kasparov,Kasparov
Carlsen,Morphy
Carlsen,Fischer
Fischer,Nakamura
Morphy,Carlsen
Nakamura,Capablanca
Kasparov,Morphy
Nakamura,Kasparov
Fischer,Fischer
Kasparov,Fischer
Carlsen,Carlsen
Kasparov,Fischer
Kasparov,Capablanca
Kasparov,Fischer
Morphy,Nakamura
Capablanca,Kasparov
Carlsen,Fischer
Nakamura,Carlsen
Nakamura,Carlsen
Fischer,Fischer
Carlsen,Kasparov
Morphy,Capablanca
Fischer,Nakamura
Capablanca,Carlsen
Nakamura,Kasparov
Carlsen,Carlsen
Capablanca,Capablanca
Carlsen,Capablanca
Fischer,Kasparov
Fischer,Fischer
Morphy,Kasparov
Carlsen,Capablanca
Nakamura,Fischer
Nakamura,Capablanca
Fischer,Fischer
Fischer,Carlsen
Morphy,Morphy
Morphy,Nakamura
Kasparov,Carlsen
Kasparov,Carlsen
Fischer,Kasparov
Morphy,Capablanca
Fischer,Nakamura
Nakamura,Morphy
Nakamura,Fischer
Morphy,Morphy
Morphy,Capablanca
Kasparov,Capablanca
Kasparov,Morphy
Kasparov,Morphy
Kasparov,Fischer
Capablanca,Morphy
Carlsen,Nakamura
Capablanca,Fischer
Fischer,Capablanca
Fischer,Kasparov
Carlsen,Nakamura
Nakamura,Kasparov
Capablanca,Carlsen
Morphy,Morphy
Kasparov,Fischer
Capablanca,Capablanca
Morphy,Kasparov
Kasparov,Fischer
Fischer,Nakamura
Kasparov,Nakamura
Kasparov,Carlsen
Morphy,Fischer
Nakamura,Kasparov
Kasparov,Fischer
Nakamura,Fischer
Morphy,Nakamura
Fischer,Nakamura
Capablanca,Fischer
Morphy,Fischer
Fischer,Nakamura
Kasparov,Nakamura
Capablanca,Kasparov
Capablanca,Fischer
Capablanca,Nakamura
Carlsen,Morphy
Fischer,Capablanca
Morphy,Capablanca
Morphy,Fischer
Kasparov,Morphy
Kasparov,Nakamura
Fischer,Capablanca
Morphy,Morphy
Fischer,Carlsen
Nakamura,Fischer
Morphy,Capablanca
Capablanca,Morphy
Fischer,Capablanca
Morphy,Fischer
Carlsen,Kasparov
Carlsen,Kasparov
Morphy,Nakamura
Kasparov,Carlsen
Morphy,Morphy
Fischer,Fischer
Morphy,Morphy
Kasparov,Nakamura
Fischer,Nakamura
Fischer,Capablanca
Kasparov,Carlsen
Nakamura,Capablanca
Nakamura,Kasparov
Fischer,Nakamura
Fischer,Carlsen
Nakamura,Fischer
Carlsen,Nakamura
Morphy,Morphy
Nakamura,Nakamura
Fischer,Nakamura
Capablanca,Kasparov
Carlsen,Morphy
Kasparov,Fischer
Morphy,Fischer
Morphy,Carlsen
Fischer,Capablanca
Kasparov,Kasparov
Capablanca,Morphy
Fischer,Kasparov
Fischer,Morphy
Capablanca,Kasparov
Morphy,Capablanca
Carlsen,Carlsen
Fischer,Morphy
Nakamura,Capablanca
Capablanca,Fischer
Capablanca,Fischer
Capablanca,Carlsen
Carlsen,Morphy
Morphy,Nakamura
Nakamura,Capablanca
Capablanca,Carlsen
Morphy,Morphy
Morphy,Kasparov
Kasparov,Kasparov
Fischer,Carlsen
Kasparov,Fischer
Morphy,Kasparov
Capablanca,Carlsen
Capablanca,Morphy
Morphy,Nakamura
Morphy,Morphy
Capablanca,Carlsen
Fischer,Fischer
Fischer,Fischer
Fischer,Fischer
Nakamura,Morphy
Nakamura,Nakamura
Morphy,Morphy
Morphy,Kasparov
Kasparov,Fischer
Fischer,Capablanca
Nakamura,Morphy
Kasparov,Morphy
Kasparov,Capablanca
Kasparov,Fischer
Capablanca,Fischer
Morphy,Nakamura
Kasparov,Kasparov
Morphy,Carlsen
Fischer,Capablanca
Morphy,Kasparov
Fischer,Kasparov
Fischer,Carlsen
Fischer,Capablanca
Nakamura,Kasparov
Capablanca,Capablanca
Morphy,Capablanca
Fischer,Nakamura
Capablanca,Capablanca
Morphy,Capablanca
Kasparov,Carlsen
Capablanca,Morphy
Carlsen,Kasparov
Morphy,Nakamura
Morphy,Morphy
Carlsen,Nakamura
Capablanca,Nakamura
Morphy,Capablanca
Carlsen,Capablanca
Kasparov,Fischer
Fischer,Kasparov
Morphy,Carlsen
Carlsen,Kasparov
Nakamura,Kasparov
Kasparov,Carlsen
Morphy,Kasparov
Morphy,Morphy
Fischer,Fischer
Carlsen,Carlsen
Kasparov,Fischer
Kasparov,Fischer
Carlsen,Kasparov
Capablanca,Nakamura
Morphy,Morphy
Fischer,Fischer
Fischer,Morphy
Morphy,Morphy
Carlsen,Nakamura
Fischer,Nakamura
Capablanca,Morphy
Morphy,Capablanca
Kasparov,Kasparov
Morphy,Capablanca
Morphy,Kasparov
Morphy,Morphy
Kasparov,Kasparov
Kasparov,Carlsen
Capablanca,Carlsen
Capablanca,Capablanca
Morphy,Morphy
Nakamura,Carlsen
Capablanca,Capablanca
Capablanca,Kasparov
Morphy,Nakamura
Fischer,Nakamura
Kasparov,Kasparov
Kasparov,Kasparov
Carlsen,Nakamura
Fischer,Morphy
Nakamura,Carlsen
Carlsen,Carlsen
Kasparov,Capablanca
Nakamura,Kasparov
Kasparov,Capablanca
Fischer,Kasparov
Nakamura,Fischer
Fischer,Fischer
Nakamura,Fischer
Morphy,Kasparov
Morphy,Nakamura
Kasparov,Kasparov
Fischer,Carlsen
Fischer,Nakamura
Morphy,Carlsen
Capablanca,Carlsen
Carlsen,Kasparov
Capablanca,Nakamura
Fischer,Morphy
Nakamura,Nakamura
Nakamura,Morphy
Kasparov,Nakamura
Morphy,Morphy
Nakamura,Carlsen
Fischer,Capablanca
Capablanca,Morphy
Kasparov,Carlsen
Morphy,Kasparov
Morphy,Nakamura
Capablanca,Capablanca
Fischer,Fischer
Morphy,Fischer
Kasparov,Fischer
Fischer,Fischer
Morphy,Morphy
Carlsen,Kasparov
Fischer,Carlsen
Morphy,Kasparov
Nakamura,Carlsen
Morphy,Morphy
Morphy,Capablanca
Kasparov,Morphy
Nakamura,Kasparov
Morphy,Fischer
Kasparov,Capablanca
Carlsen,Morphy
Morphy,Carlsen
Capablanca,Carlsen
Fischer,Capablanca
Kasparov,Fischer
Fischer,Nakamura
Morphy,Carlsen
Morphy,Nakamura
Morphy,Kasparov
Fischer,Capablanca
Nakamura,Kasparov
Capablanca,Kasparov
Carlsen,Fischer
Kasparov,Nakamura
Capablanca,Nakamura
Fischer,Fischer
Morphy,Kasparov
Morphy,Morphy
Kasparov,Fischer
Fischer,Morphy
Morphy,Nakamura
Morphy,Morphy
Carlsen,Fischer
Capablanca,Fischer
Morphy,Fischer
Kasparov,Fischer
Kasparov,Nakamura
Fischer,Fischer
Morphy,Capablanca
Capablanca,Capablanca
Fischer,Morphy
Kasparov,Kasparov
Fischer,Kasparov
Kasparov,Kasparov
Kasparov,Capablanca
Carlsen,Kasparov
Morphy,Capablanca
Fischer,Carlsen
Kasparov,Fischer
Morphy,Fischer
Nakamura,Nakamura
Fischer,Morphy
Kasparov,Carlsen
Morphy,Kasparov
Fischer,Fischer
Capablanca,Kasparov
Nakamura,Capablanca
Capablanca,Carlsen
Kasparov,Kasparov
Morphy,Carlsen
Kasparov,Nakamura
Morphy,Fischer
Morphy,Morphy
Fischer,Morphy
Morphy,Nakamura
Nakamura,Nakamura
Carlsen,Morphy
Nakamura,Carlsen
Carlsen,Capablanca
Fischer,Nakamura
Nakamura,Kasparov
Carlsen,Nakamura
Carlsen,Morphy
Carlsen,Nakamura
Kasparov,Nakamura
Morphy,Nakamura
Fischer,Nakamura
Morphy,Morphy
Capablanca,Nakamura
Carlsen,Capablanca
Morphy,Capablanca
Fischer,Morphy
Kasparov,Nakamura
Kasparov,Carlsen
Morphy,Nakamura
Carlsen,Capablanca
Nakamura,Capablanca
Nakamura,Morphy
Kasparov,Morphy
Fischer,Nakamura
Morphy,Carlsen
Fischer,Fischer
Morphy,Carlsen
Carlsen,Kasparov
Morphy,Morphy
Kasparov,Nakamura
Fischer,Fischer
Kasparov,Capablanca
Capablanca,Fischer
Morphy,Nakamura
Fischer,Capablanca
Kasparov,Carlsen
Fischer,Capablanca
Capablanca,Nakamura
Fischer,Capablanca
Nakamura,Fischer
Morphy,Morphy
Fischer,Fischer
Kasparov,Capablanca
Morphy,Kasparov
Carlsen,Morphy
Fischer,Fischer
Capablanca,Capablanca
Kasparov,Fischer
Fischer,Kasparov
Kasparov,Kasparov
Capablanca,Carlsen
Fischer,Capablanca
Carlsen,Capablanca
Morphy,Nakamura
Fischer,Fischer
Capablanca,Nakamura
Morphy,Kasparov
Morphy,Kasparov
Fischer,Nakamura
Carlsen,Kasparov
Fischer,Nakamura
Carlsen,Nakamura
Capablanca,Kasparov
Morphy,Fischer
Fischer,Fischer
Fischer,Fischer
Morphy,Morphy
Kasparov,Capablanca
Kasparov,Capablanca
Fischer,Carlsen
Morphy,Carlsen
Capablanca,Nakamura
Fischer,Capablanca
Nakamura,Morphy
Nakamura,Capablanca
Carlsen,Morphy
Fischer,Carlsen
Capablanca,Kasparov
Morphy,Morphy
Morphy,Kasparov
Kasparov,Carlsen
Capablanca,Kasparov
Morphy,Fischer
Kasparov,Nakamura
Kasparov,Capablanca
Fischer,Carlsen
Morphy,Carlsen
Morphy,Nakamura
Morphy,Morphy
Fischer,Carlsen
Carlsen,Morphy
Fischer,Morphy
Fischer,Nakamura
Kasparov,Morphy
Capablanca,Fischer
Fischer,Morphy
Capablanca,Capablanca
Kasparov,Fischer
Nakamura,Fischer
Morphy,Carlsen
Fischer,Morphy
Nakamura,Kasparov
Morphy,Carlsen
Morphy,Carlsen
Fischer,Carlsen
Fischer,Kasparov
Nakamura,Capablanca
Morphy,Morphy
Nakamura,Nakamura
Carlsen,Nakamura
Capablanca,Nakamura
Kasparov,Capablanca
Morphy,Fischer
Nakamura,Fischer
Morphy,Nakamura
Fischer,Fischer
Capablanca,Nakamura
Capablanca,Morphy
Morphy,Nakamura
Nakamura,Carlsen
Fischer,Carlsen
Nakamura,Capablanca
Capablanca,Morphy
Nakamura,Capablanca
Nakamura,Kasparov
Morphy,Fischer
Carlsen,Capablanca
Nakamura,Capablanca
Nakamura,Fischer
Capablanca,Kasparov
Morphy,Morphy
Kasparov,Morphy
Morphy,Kasparov
Morphy,Fischer
Capablanca,Carlsen
Carlsen,Nakamura
Nakamura,Fischer
Capablanca,Carlsen
Fischer,Nakamura
Kasparov,Carlsen
Capablanca,Morphy
Kasparov,Capablanca
Fischer,Kasparov
Nakamura,Capablanca
Capablanca,Morphy
Kasparov,Capablanca
Morphy,Morphy
Capablanca,Fischer
Fischer,Morphy
Nakamura,Capablanca
Morphy,Carlsen
Fischer,Carlsen
Morphy,Capablanca
Morphy,Carlsen
Morphy,Fischer
Carlsen,Fischer
Carlsen,Morphy
Fischer,Carlsen
Carlsen,Kasparov
Kasparov,Fischer
Carlsen,Fischer
Fischer,Fischer
Fischer,Capablanca
Morphy,Nakamura
Capablanca,Capablanca
Capablanca,Carlsen
Kasparov,Kasparov
Fischer,Kasparov
Carlsen,Nakamura
Morphy,Morphy
Nakamura,Kasparov
Kasparov,Kasparov
Capablanca,Morphy
Capablanca,Nakamura
Carlsen,Fischer
Fischer,Carlsen
Fischer,Capablanca
Fischer,Fischer
Fischer,Kasparov
Morphy,Nakamura
Morphy,Capablanca
Kasparov,Carlsen
Morphy,Morphy
Fischer,Kasparov
Capablanca,Nakamura
Nakamura,Fischer
Capablanca,Nakamura
Nakamura,Kasparov
Kasparov,Fischer
Morphy,Kasparov
Fischer,Capablanca
Morphy,Morphy
Kasparov,Fischer
Carlsen,Capablanca
Kasparov,Nakamura
Nakamura,Morphy
Nakamura,Fischer
Kasparov,Capablanca
Capablanca,Nakamura
Kasparov,Nakamura
Kasparov,Nakamura
Fischer,Carlsen
Kasparov,Kasparov
Nakamura,Nakamura
Kasparov,Nakamura
Kasparov,Nakamura
Carlsen,Nakamura
Morphy,Kasparov
Morphy,Capablanca
Capablanca,Capablanca
Nakamura,Nakamura
Capablanca,Capablanca
Nakamura,Kasparov
Carlsen,Morphy
Kasparov,Fischer
Nakamura,Capablanca
Fischer,Kasparov
Nakamura,Carlsen
Morphy,Morphy
Nakamura,Fischer
Capablanca,Capablanca
Capablanca,Morphy
Carlsen,Carlsen
Fischer,Fischer
Capablanca,Kasparov
Morphy,Nakamura
Fischer,Nakamura
Capablanca,Nakamura
Carlsen,Nakamura
Morphy,Carlsen
Nakamura,Carlsen
Carlsen,Kasparov
Carlsen,Kasparov
Kasparov,Fischer
Morphy,Morphy
Capablanca,Morphy
Fischer,Kasparov
Carlsen,Nakamura
Morphy,Morphy
Capablanca,Morphy
Kasparov,Morphy
Capablanca,Fischer
Nakamura,Nakamura
Nakamura,Kasparov
Fischer,Carlsen
Capablanca,Capablanca
Fischer,Capablanca
Capablanca,Kasparov
Nakamura,Kasparov
Fischer,Capablanca
Carlsen,Kasparov
Morphy,Kasparov
Nakamura,Morphy
Morphy,Nakamura
Fischer,Morphy
Fischer,Nakamura
Morphy,Fischer
Carlsen,Kasparov
Fischer,Morphy
Capablanca,Carlsen
Fischer,Carlsen
Morphy,Morphy
Kasparov,Kasparov
Fischer,Fischer
Capablanca,Capablanca
Capablanca,Morphy
Carlsen,Carlsen
Kasparov,Kasparov
Nakamura,Fischer
Nakamura,Fischer
Fischer,Kasparov
Fischer,Morphy
Kasparov,Morphy
Fischer,Carlsen
Kasparov,Kasparov
Kasparov,Carlsen
Capablanca,Carlsen
Morphy,Kasparov
Fischer,Fischer
Morphy,Carlsen
Morphy,Morphy
Carlsen,Morphy
Capablanca,Carlsen
Capablanca,Nakamura
Morphy,Nakamura
Fischer,Kasparov
Nakamura,Capablanca
Kasparov,Nakamura
Nakamura,Carlsen
Morphy,Morphy
Morphy,Morphy
Kasparov,Nakamura
Morphy,Fischer
Nakamura,Fischer
Capablanca,Carlsen
Carlsen,Capablanca
Kasparov,Carlsen
Morphy,Morphy
Capablanca,Morphy
Fischer,Nakamura
Morphy,Fischer
Capablanca,Nakamura
Carlsen,Kasparov
Fischer,Capablanca
Capablanca,Morphy
Fischer,Kasparov
Kasparov,Nakamura
Nakamura,Fischer
Capablanca,Kasparov
Nakamura,Carlsen
Capablanca,Capablanca
Nakamura,Kasparov
Morphy,Kasparov
Carlsen,Morphy
Capablanca,Fischer
Morphy,Morphy
Fischer,Fischer
Nakamura,Nakamura
Nakamura,Morphy
Fischer,Morphy
Morphy,Nakamura
Morphy,Fischer
Fischer,Morphy
Morphy,Carlsen
Capablanca,Nakamura
Nakamura,Capablanca
Fischer,Capablanca
Nakamura,Morphy
Kasparov,Carlsen
Kasparov,Carlsen
Fischer,Capablanca
Morphy,Morphy
Kasparov,Morphy
Nakamura,Kasparov
Nakamura,Fischer
Kasparov,Kasparov
Morphy,Carlsen
Fischer,Kasparov
Carlsen,Fischer
Fischer,Carlsen
Fischer,Kasparov
Capablanca,Nakamura
Fischer,Carlsen
Morphy,Fischer
Fischer,Carlsen
Morphy,Capablanca
Fischer,Morphy
Carlsen,Fischer
Morphy,Nakamura
Morphy,Morphy
Carlsen,Morphy
Morphy,Kasparov
Fischer,Capablanca
Carlsen,Morphy
Capablanca,Carlsen
Kasparov,Nakamura
Kasparov,Capablanca
Kasparov,Nakamura
Capablanca,Nakamura
Kasparov,Kasparov
Morphy,Fischer
Fischer,Capablanca
Capablanca,Capablanca
Capablanca,Nakamura
Fischer,Nakamura
Kasparov,Capablanca
Kasparov,Capablanca
Kasparov,Capablanca
Morphy,Fischer
Capablanca,Kasparov
Nakamura,Kasparov
Kasparov,Carlsen
Fischer,Fischer
Kasparov,Morphy
Nakamura,Fischer
Fischer,Morphy
Fischer,Fischer
Kasparov,Capablanca
Kasparov,Capablanca
Capablanca,Morphy
Fischer,Capablanca
Morphy,Nakamura
Nakamura,Fischer
Carlsen,Kasparov
Capablanca,Nakamura
Nakamura,Kasparov
Morphy,Capablanca
Capablanca,Nakamura
Morphy,Morphy
Nakamura,Nakamura
Fischer,Carlsen
Nakamura,Morphy
Fischer,Nakamura
Morphy,Nakamura
Kasparov,Capablanca
Nakamura,Morphy
Fischer,Kasparov
Morphy,Fischer
Morphy,Nakamura
Kasparov,Fischer
Morphy,Morphy
Nakamura,Capablanca
Kasparov,Kasparov
Fischer,Fischer
Fischer,Kasparov
Nakamura,Capablanca
Kasparov,Capablanca
Nakamura,Nakamura
Fischer,Morphy
Fischer,Capablanca
Capablanca,Fischer
Kasparov,Kasparov
Fischer,Kasparov
Morphy,Kasparov
Capablanca,Kasparov
Capablanca,Nakamura
Morphy,Nakamura
Carlsen,Fischer
Nakamura,Kasparov
Morphy,Fischer
Capablanca,Carlsen
Nakamura,Nakamura
Morphy,Kasparov
Fischer,Capablanca
Nakamura,Kasparov
Capablanca,Kasparov
Kasparov,Nakamura
Morphy,Fischer
Morphy,Morphy
Nakamura,Carlsen
Capablanca,Morphy
Kasparov,Kasparov
Fischer,Capablanca
Kasparov,Nakamura
Kasparov,Capablanca
Carlsen,Fischer
Fischer,Nakamura
Fischer,Morphy
Morphy,Morphy
Capablanca,Capablanca
Capablanca,Kasparov
Capablanca,Capablanca
Kasparov,Kasparov
Kasparov,Kasparov
Carlsen,Kasparov
Kasparov,Capablanca
Kasparov,Morphy
Morphy,Capablanca
Nakamura,Capablanca
Fischer,Morphy
Nakamura,Carlsen
Carlsen,Morphy
Nakamura,Nakamura
Fischer,Carlsen
Nakamura,Nakamura
Morphy,Kasparov
Kasparov,Kasparov
Morphy,Morphy
Kasparov,Capablanca
Morphy,Kasparov
Nakamura,Nakamura
Kasparov,Morphy
Capablanca,Carlsen
Morphy,Nakamura
Fischer,Carlsen
Carlsen,Fischer
Fischer,Morphy
Kasparov,Morphy
Fischer,Kasparov
Fischer,Nakamura
Morphy,Morphy
Kasparov,Capablanca
Carlsen,Carlsen
Capablanca,Kasparov
Kasparov,Morphy
Fischer,Capablanca
Capablanca,Fischer
Nakamura,Kasparov
Kasparov,Kasparov
Capablanca,Kasparov
Fischer,Carlsen
Capablanca,Kasparov
Fischer,Capablanca
Carlsen,Nakamura
Fischer,Fischer
Fischer,Capablanca
Fischer,Fischer
Fischer,Morphy
Morphy,Capablanca
Capablanca,Kasparov
Morphy,Kasparov
Morphy,Kasparov
Kasparov,Morphy
Capablanca,Fischer
Fischer,Morphy
Morphy,Capablanca
Kasparov,Capablanca
Nakamura,Capablanca
Kasparov,Carlsen
Fischer,Capablanca
Kasparov,Capablanca
Kasparov,Fischer
Morphy,Carlsen
Fischer,Morphy
Morphy,Fischer
Morphy,Carlsen
Morphy,Kasparov
Morphy,Kasparov
Kasparov,Morphy
Kasparov,Nakamura
Carlsen,Morphy
Morphy,Capablanca
Morphy,Kasparov
Capablanca,Nakamura
Capablanca,Carlsen
Fischer,Nakamura
Fischer,Morphy
Fischer,Kasparov
Kasparov,Kasparov
Fischer,Morphy
Capablanca,Kasparov
Fischer,Morphy
Nakamura,Morphy
Fischer,Nakamura
Carlsen,Kasparov
Capablanca,Kasparov
Capablanca,Fischer
Morphy,Kasparov
Capablanca,Nakamura
Fischer,Morphy
Morphy,Morphy
Morphy,Kasparov
Morphy,Fischer
Nakamura,Morphy
Kasparov,Carlsen
Fischer,Kasparov
Nakamura,Fischer
Capablanca,Capablanca
Morphy,Fischer
Morphy,Capablanca
Nakamura,Morphy
Fischer,Fischer
Nakamura,Morphy
Capablanca,Carlsen
Capablanca,Carlsen
Kasparov,Fischer
Carlsen,Carlsen
Fischer,Nakamura
Nakamura,Morphy
Fischer,Capablanca
Fischer,Fischer
Capablanca,Capablanca
Fischer,Carlsen
Kasparov,Nakamura
Kasparov,Capablanca
Fischer,Nakamura
Carlsen,Nakamura
Nakamura,Morphy
Fischer,Morphy
Fischer,Kasparov
Fischer,Morphy
Fischer,Morphy
Fischer,Carlsen
Nakamura,Fischer
Kasparov,Kasparov
Capablanca,Nakamura
Morphy,Morphy
Kasparov,Nakamura
Fischer,Kasparov
Kasparov,Carlsen
Kasparov,Capablanca
Morphy,Carlsen
Capablanca,Nakamura
Morphy,Capablanca
Kasparov,Morphy
Capablanca,Carlsen
Morphy,Fischer
Nakamura,Morphy
Fischer,Capablanca
Fischer,Kasparov
Nakamura,Morphy
Fischer,Carlsen
Nakamura,Capablanca
Kasparov,Capablanca
Kasparov,Kasparov
Fischer,Morphy
Capablanca,Fischer
Fischer,Carlsen
Fischer,Fischer
Kasparov,Kasparov
Capablanca,Fischer
Fischer,Fischer
Kasparov,Morphy
Carlsen,Kasparov
Morphy,Carlsen
Morphy,Carlsen
Fischer,Carlsen
Capablanca,Kasparov
Nakamura,Capablanca
Morphy,Nakamura
Kasparov,Fischer
Capablanca,Kasparov
Morphy,Fischer
Capablanca,Carlsen
Nakamura,Morphy
Morphy,Morphy
Capablanca,Carlsen
Morphy,Morphy
Kasparov,Carlsen
Kasparov,Kasparov
Morphy,Kasparov
Morphy,Morphy
Capablanca,Capablanca
Capablanca,Capablanca
Capablanca,Morphy
Capablanca,Carlsen
Kasparov,Morphy
Carlsen,Kasparov
Kasparov,Kasparov
Morphy,Morphy
Capablanca,Capablanca
Fischer,Carlsen
Kasparov,Kasparov
Morphy,Carlsen
Morphy,Nakamura
Morphy,Morphy
Morphy,Carlsen
Morphy,Morphy
Fischer,Nakamura
Capablanca,Morphy
Kasparov,Capablanca
Fischer,Nakamura
Nakamura,Nakamura
Fischer,Capablanca
Carlsen,Morphy
Carlsen,Nakamura
Fischer,Morphy
Capablanca,Carlsen
Morphy,Nakamura
Fischer,Fischer
Morphy,Nakamura
Fischer,Carlsen
Carlsen,Fischer
Fischer,Kasparov
Morphy,Capablanca
Morphy,Carlsen
Morphy,Nakamura
Nakamura,Kasparov
Kasparov,Carlsen
Morphy,Fischer
Fischer,Morphy
Nakamura,Kasparov
Morphy,Morphy
Capablanca,Carlsen
Fischer,Nakamura
Kasparov,Carlsen
Morphy,Nakamura
Fischer,Morphy
Fischer,Kasparov
Fischer,Morphy
Fischer,Carlsen
Kasparov,Morphy
Fischer,Morphy
Morphy,Morphy
Kasparov,Carlsen
Carlsen,Carlsen
Nakamura,Capablanca
Carlsen,Fischer
Morphy,Fischer
Morphy,Carlsen
Fischer,Kasparov
Fischer,Morphy
Morphy,Capablanca
Kasparov,Nakamura
Fischer,Capablanca
Kasparov,Kasparov
Nakamura,Capablanca
Kasparov,Capablanca
Fischer,Morphy
Kasparov,Morphy
Capablanca,Fischer
Morphy,Carlsen
Kasparov,Kasparov
Fischer,Capablanca
Fischer,Nakamura
Carlsen,Capablanca
Nakamura,Nakamura
Morphy,Nakamura
Kasparov,Morphy
Morphy,Morphy
Kasparov,Fischer
Capablanca,Nakamura
Carlsen,Capablanca
Morphy,Nakamura
Nakamura,Nakamura
Fischer,Kasparov
Kasparov,Nakamura
Carlsen,Kasparov
Morphy,Nakamura
Nakamura,Morphy
Kasparov,Kasparov
Fischer,Carlsen
Kasparov,Kasparov
Fischer,Morphy
Morphy,Fischer
Morphy,Fischer
Kasparov,Fischer
Nakamura,Fischer
Kasparov,Morphy
Kasparov,Capablanca
Carlsen,Carlsen
Morphy,Fischer
Fischer,Capablanca
Kasparov,Capablanca
Morphy,Carlsen
Fischer,Capablanca
Carlsen,Nakamura
Kasparov,Capablanca
Capablanca,Capablanca
Capablanca,Nakamura
Carlsen,Capablanca
Kasparov,Morphy
Capablanca,Kasparov
Carlsen,Fischer
Capablanca,Carlsen
Fischer,Capablanca
Morphy,Fischer
Kasparov,Fischer
Kasparov,Carlsen
Morphy,Carlsen
Kasparov,Nakamura
Kasparov,Kasparov
Capablanca,Nakamura
Nakamura,Nakamura
Nakamura,Fischer
Nakamura,Kasparov
Fischer,Kasparov
Morphy,Carlsen
Morphy,Morphy
Carlsen,Kasparov
Fischer,Morphy
Morphy,Fischer
Nakamura,Capablanca
Capablanca,Morphy
Morphy,Carlsen
Nakamura,Nakamura
Fischer,Fischer
Capablanca,Morphy
Kasparov,Capablanca
Kasparov,Carlsen
Fischer,Morphy
Kasparov,Kasparov
Kasparov,Capablanca
Fischer,Kasparov
Fischer,Fischer
Carlsen,Kasparov
Fischer,Morphy
Carlsen,Kasparov
Capablanca,Nakamura
Carlsen,Nakamura
Capablanca,Nakamura
Morphy,Kasparov
Fischer,Carlsen
Fischer,Kasparov
Kasparov,Morphy
Kasparov,Kasparov
Nakamura,Capablanca
Kasparov,Morphy
Fischer,Capablanca
Fischer,Nakamura
Carlsen,Capablanca
Fischer,Carlsen
Fischer,Carlsen
Nakamura,Carlsen
Nakamura,Capablanca
Capablanca,Carlsen
Morphy,Nakamura
Kasparov,Morphy
Nakamura,Morphy
Carlsen,Fischer
Fischer,Morphy
Kasparov,Nakamura
Nakamura,Capablanca
Capablanca,Fischer
Capablanca,Kasparov
Carlsen,Carlsen
Capablanca,Kasparov
Capablanca,Carlsen
Fischer,Carlsen
Fischer,Carlsen
Carlsen,Fischer
Fischer,Carlsen
Capablanca,Fischer
Carlsen,Carlsen
Morphy,Nakamura
Capablanca,Morphy
Fischer,Morphy
Fischer,Nakamura
Morphy,Nakamura
Fischer,Nakamura
Morphy,Nakamura
Fischer,Capablanca
Capablanca,Kasparov
Nakamura,Carlsen
Morphy,Nakamura
Fischer,Kasparov
Capablanca,Morphy
Kasparov,Carlsen
Morphy,Nakamura
Fischer,Morphy
Nakamura,Morphy
Capablanca,Fischer
Carlsen,Kasparov
Fischer,Fischer
Morphy,Capablanca
Carlsen,Fischer
Kasparov,Morphy
Carlsen,Capablanca
Morphy,Kasparov
Kasparov,Carlsen
Fischer,Fischer
Fischer,Nakamura
Kasparov,Carlsen
Fischer,Fischer
Nakamura,Fischer
Capablanca,Nakamura
Capablanca,Carlsen
Capablanca,Morphy
Morphy,Nakamura
Morphy,Capablanca
Capablanca,Morphy
Carlsen,Morphy
Capablanca,Carlsen
Morphy,Capablanca
Capablanca,Carlsen
Kasparov,Kasparov
Nakamura,Kasparov
Capablanca,Morphy
Capablanca,Nakamura
Morphy,Kasparov
Morphy,Morphy
Morphy,Nakamura
Capablanca,Carlsen
Nakamura,Morphy
Fischer,Morphy
Nakamura,Carlsen
Kasparov,Fischer
Morphy,Capablanca
Carlsen,Nakamura
Morphy,Fischer
Kasparov,Carlsen
Fischer,Carlsen
Morphy,Capablanca
Morphy,Carlsen
Fischer,Morphy
Fischer,Kasparov
Morphy,Fischer
Kasparov,Capablanca
Nakamura,Carlsen
Morphy,Capablanca
Morphy,Fischer
Fischer,Fischer
Morphy,Kasparov
Nakamura,Kasparov
Morphy,Nakamura
Morphy,Nakamura
Carlsen,Fischer
Nakamura,Kasparov
Capablanca,Morphy
Morphy,Nakamura
Fischer,Capablanca
Nakamura,Nakamura
Capablanca,Morphy
Capablanca,Fischer
Kasparov,Nakamura
Morphy,Nakamura
Morphy,Carlsen
Capablanca,Carlsen
Fischer,Morphy
Carlsen,Nakamura
Fischer,Nakamura
Nakamura,Nakamura
Fischer,Carlsen
Morphy,Kasparov
Morphy,Capablanca
Nakamura,Capablanca
Morphy,Kasparov
Capablanca,Capablanca
Fischer,Capablanca
Morphy,Capablanca
Capablanca,Carlsen
Morphy,Capablanca
Carlsen,Fischer
Kasparov,Carlsen
Kasparov,Kasparov
Capablanca,Carlsen
Kasparov,Capablanca
Morphy,Nakamura
Kasparov,Carlsen
Capablanca,Morphy
Kasparov,Carlsen
Morphy,Nakamura
Capablanca,Carlsen
Kasparov,Carlsen
Fischer,Kasparov
Fischer,Nakamura
Nakamura,Nakamura
Kasparov,Fischer
Carlsen,Kasparov
Fischer,Fischer
Morphy,Fischer
Fischer,Kasparov
Fischer,Fischer
Carlsen,Nakamura
Fischer,Carlsen
Kasparov,Kasparov
Carlsen,Nakamura
Nakamura,Morphy
Kasparov,Nakamura
Fischer,Capablanca
Fischer,Morphy
Morphy,Carlsen
Nakamura,Nakamura
Nakamura,Capablanca
Capablanca,Nakamura
Morphy,Fischer
Capablanca,Morphy
Nakamura,Capablanca
Kasparov,Kasparov
Morphy,Capablanca
Morphy,Morphy
Morphy,Capablanca
Capablanca,Nakamura
Morphy,Nakamura
Nakamura,Kasparov
Capablanca,Nakamura
Capablanca,Carlsen
Morphy,Capablanca
Morphy,Fischer
Morphy,Capablanca
Morphy,Fischer
Carlsen,Fischer
Morphy,Carlsen
Capablanca,Morphy
Kasparov,Kasparov
Capablanca,Fischer
Capablanca,Capablanca
Kasparov,Fischer
Morphy,Capablanca
Nakamura,Carlsen
Morphy,Nakamura
Morphy,Capablanca
Carlsen,Capablanca
Capablanca,Morphy
Capablanca,Morphy
Morphy,Carlsen
Kasparov,Capablanca
Morphy,Capablanca
Nakamura,Carlsen
Nakamura,Nakamura
Kasparov,Capablanca
Morphy,Morphy
Nakamura,Fischer
Capablanca,Nakamura
Carlsen,Capablanca
Carlsen,Kasparov
Fischer,Carlsen
Carlsen,Morphy
Fischer,Carlsen
Fischer,Kasparov
Fischer,Morphy
Nakamura,Capablanca
Kasparov,Morphy
Nakamura,Fischer
Nakamura,Morphy
Kasparov,Carlsen
Morphy,Morphy
Capablanca,Kasparov
Kasparov,Nakamura
Nakamura,Capablanca
Fischer,Fischer
Kasparov,Morphy
Carlsen,Morphy
Fischer,Capablanca
Nakamura,Morphy
Morphy,Nakamura
Kasparov,Morphy
Fischer,Carlsen
Fischer,Nakamura
Morphy,Carlsen
Fischer,Fischer
Kasparov,Morphy
Fischer,Capablanca
Morphy,Capablanca
Kasparov,Fischer
Fischer,Capablanca
Capablanca,Nakamura
Nakamura,Kasparov
Nakamura,Fischer
Carlsen,Capablanca
Morphy,Capablanca
Carlsen,Kasparov
Fischer,Kasparov
Carlsen,Kasparov
Capablanca,Capablanca
Morphy,Kasparov
Morphy,Fischer
Capablanca,Morphy
Carlsen,Morphy
Morphy,Carlsen
Capablanca,Carlsen
Morphy,Morphy
Carlsen,Kasparov
Morphy,Morphy
Carlsen,Fischer
Fischer,Capablanca
Kasparov,Morphy
Fischer,Nakamura
Fischer,Carlsen
Capablanca,Carlsen
Nakamura,Carlsen
Carlsen,Nakamura
Fischer,Morphy
Nakamura,Nakamura
Capablanca,Carlsen
Morphy,Nakamura
Morphy,Carlsen
Carlsen,Kasparov
Fischer,Fischer
Carlsen,Capablanca
Morphy,Morphy
Fischer,Capablanca
Kasparov,Capablanca
Kasparov,Kasparov
Morphy,Nakamura
Kasparov,Carlsen
Fischer,Carlsen
Kasparov,Morphy
Morphy,Morphy
Nakamura,Capablanca
Fischer,Kasparov
Carlsen,Morphy
Carlsen,Fischer
Capablanca,Capablanca
Morphy,Nakamura
Nakamura,Kasparov
Morphy,Capablanca
Carlsen,Morphy
Fischer,Nakamura
Capablanca,Morphy
Capablanca,Fischer
Morphy,Fischer
Capablanca,Capablanca
Morphy,Morphy
Nakamura,Kasparov
Nakamura,Nakamura
Kasparov,Fischer
Capablanca,Capablanca
Morphy,Fischer
Capablanca,Nakamura
Capablanca,Morphy
Capablanca,Morphy
Fischer,Carlsen
Capablanca,Capablanca
Kasparov,Kasparov
Kasparov,Carlsen
Carlsen,Fischer
Kasparov,Carlsen
Nakamura,Morphy
Carlsen,Carlsen
Fischer,Fischer
Morphy,Capablanca
Kasparov,Capablanca
Fischer,Morphy
Morphy,Nakamura
Morphy,Morphy
Morphy,Fischer
Kasparov,Nakamura
Morphy,Capablanca
Morphy,Morphy
Fischer,Fischer
Capablanca,Morphy
Morphy,Capablanca
Capablanca,Morphy
Capablanca,Nakamura
Fischer,Carlsen
Kasparov,Nakamura
Nakamura,Morphy
Carlsen,Morphy
Fischer,Kasparov
Carlsen,Capablanca
Kasparov,Kasparov
Fischer,Morphy
Carlsen,Kasparov
Kasparov,Nakamura
Morphy,Fischer
Capablanca,Nakamura
Kasparov,Morphy
Capablanca,Carlsen
Fischer,Morphy
Fischer,Nakamura
Kasparov,Capablanca
Morphy,Fischer
Kasparov,Morphy
Carlsen,Capablanca
Fischer,Capablanca
Carlsen,Kasparov
Kasparov,Carlsen
Fischer,Capablanca
Fischer,Capablanca
Nakamura,Nakamura
Nakamura,Carlsen
Morphy,Nakamura
Nakamura,Fischer
Carlsen,Morphy
Kasparov,Kasparov
Morphy,Morphy
Carlsen,Morphy
Morphy,Fischer
Nakamura,Nakamura
Morphy,Fischer
Fischer,Morphy
Carlsen,Nakamura
Kasparov,Carlsen
Morphy,Morphy
Capablanca,Capablanca
Capablanca,Kasparov
Morphy,Nakamura
Capablanca,Capablanca
Morphy,Fischer
Fischer,Kasparov
Fischer,Nakamura
Morphy,Carlsen
Kasparov,Carlsen
Nakamura,Nakamura
Capablanca,Capablanca
Fischer,Nakamura
Morphy,Nakamura
Morphy,Nakamura
Capablanca,Carlsen
Carlsen,Morphy
Kasparov,Capablanca
Capablanca,Kasparov
Morphy,Capablanca
Capablanca,Nakamura
Fischer,Capablanca
Fischer,Morphy
Morphy,Carlsen
Kasparov,Nakamura
Fischer,Carlsen
Nakamura,Capablanca
Kasparov,Capablanca
Kasparov,Carlsen
Fischer,Carlsen
Fischer,Nakamura
Carlsen,Nakamura
Carlsen,Carlsen
Capablanca,Kasparov
Morphy,Capablanca
Capablanca,Carlsen
Capablanca,Capablanca
Morphy,Morphy
Capablanca,Morphy
Fischer,Nakamura
Morphy,Nakamura
Nakamura,Kasparov
Morphy,Morphy
Kasparov,Carlsen
Kasparov,Nakamura
Carlsen,Carlsen
Capablanca,Kasparov
Nakamura,Fischer
Kasparov,Capablanca
Capablanca,Nakamura
Capablanca,Capablanca
Kasparov,Capablanca
Morphy,Nakamura
Fischer,Kasparov
Morphy,Capablanca
Kasparov,Nakamura
Capablanca,Morphy
Fischer,Morphy
Nakamura,Nakamura
Nakamura,Kasparov
Morphy,Morphy
Fischer,Capablanca
Fischer,Nakamura
Capablanca,Nakamura
Morphy,Carlsen
Capablanca,Carlsen
Kasparov,Kasparov
Nakamura,Nakamura
Kasparov,Capablanca
Morphy,Morphy
Morphy,Fischer
Capablanca,Morphy
Fischer,Capablanca
Morphy,Carlsen
Capablanca,Nakamura
Morphy,Morphy
Fischer,Nakamura
Capablanca,Fischer
Carlsen,Carlsen
Capablanca,Fischer
Fischer,Carlsen
Morphy,Nakamura
Kasparov,Carlsen
Capablanca,Fischer
Fischer,Capablanca
Capablanca,Nakamura
Morphy,Carlsen
Nakamura,Carlsen
Capablanca,Nakamura
Morphy,Fischer
Morphy,Morphy
Morphy,Fischer
Morphy,Capablanca
Fischer,Fischer
Morphy,Fischer
Fischer,Carlsen
Morphy,Kasparov
Morphy,Capablanca
Fischer,Nakamura
Capablanca,Capablanca
Fischer,Fischer
Carlsen,Capablanca
Capablanca,Capablanca
Capablanca,Capablanca
Carlsen,Carlsen
Morphy,Morphy
Capablanca,Carlsen
Nakamura,Kasparov
Kasparov,Fischer
Nakamura,Nakamura
Kasparov,Fischer
Morphy,Capablanca
Morphy,Kasparov
Nakamura,Capablanca
Capablanca,Carlsen
Carlsen,Nakamura
Kasparov,Carlsen
Morphy,Fischer
Morphy,Nakamura
Kasparov,Kasparov
Fischer,Nakamura
Kasparov,Carlsen
Nakamura,Carlsen
Kasparov,Morphy
Carlsen,Fischer
Capablanca,Capablanca
Fischer,Capablanca
Fischer,Carlsen
Kasparov,Capablanca
Morphy,Capablanca
Capablanca,Nakamura
Morphy,Nakamura
Kasparov,Fischer
Capablanca,Kasparov
Morphy,Morphy
Capablanca,Fischer
Nakamura,Nakamura
Fischer,Nakamura
Carlsen,Morphy
Fischer,Fischer
Carlsen,Fischer
Morphy,Kasparov
Nakamura,Kasparov
Kasparov,Carlsen
Capablanca,Carlsen
Carlsen,Carlsen
Morphy,Morphy
Kasparov,Carlsen
Fischer,Fischer
Fischer,Capablanca
Morphy,Fischer
Nakamura,Kasparov
Morphy,Fischer
Kasparov,Carlsen
Fischer,Kasparov
Capablanca,Carlsen
Nakamura,Carlsen
Fischer,Nakamura
Kasparov,Carlsen
Morphy,Kasparov
Fischer,Nakamura
Nakamura,Kasparov
Fischer,Morphy
Fischer,Carlsen
Kasparov,Nakamura
Carlsen,Capablanca
Fischer,Nakamura
Fischer,Carlsen
Nakamura,Nakamura
Nakamura,Kasparov
Kasparov,Kasparov
Capablanca,Fischer
Morphy,Capablanca
Morphy,Carlsen
Morphy,Morphy
Morphy,Nakamura
Kasparov,Capablanca
Capablanca,Fischer
Fischer,Carlsen
Capablanca,Carlsen
Kasparov,Nakamura
Kasparov,Nakamura
Morphy,Morphy
Morphy,Capablanca
Carlsen,Capablanca
Nakamura,Capablanca
Nakamura,Fischer
Morphy,Morphy
Capablanca,Fischer
Nakamura,Carlsen
Fischer,Fischer
Carlsen,Morphy
Morphy,Kasparov
Fischer,Carlsen
Fischer,Fischer
Morphy,Capablanca
Fischer,Fischer
Nakamura,Fischer
Kasparov,Nakamura
Morphy,Nakamura
Morphy,Fischer
Capablanca,Fischer
Morphy,Kasparov
Morphy,Kasparov
Morphy,Kasparov
Morphy,Carlsen
Morphy,Carlsen
Carlsen,Carlsen
Fischer,Nakamura
Morphy,Kasparov
Kasparov,Morphy
Morphy,Capablanca
Fischer,Capablanca
Nakamura,Capablanca
Nakamura,Nakamura
Fischer,Nakamura
Fischer,Morphy
Nakamura,Capablanca
Kasparov,Nakamura
Fischer,Carlsen
Capablanca,Kasparov
Morphy,Morphy
Capablanca,Capablanca
Morphy,Fischer
Morphy,Capablanca
Morphy,Carlsen
Morphy,Carlsen
Capablanca,Fischer
Fischer,Capablanca
Morphy,Capablanca
Fischer,Capablanca
Capablanca,Fischer
Kasparov,Capablanca
Fischer,Morphy
Fischer,Fischer
Morphy,Nakamura
Fischer,Carlsen
Nakamura,Capablanca
Carlsen,Morphy
Kasparov,Kasparov
Morphy,Fischer
Capablanca,Fischer
Capablanca,Fischer
Fischer,Carlsen
Morphy,Capablanca
Morphy,Nakamura
Morphy,Carlsen
Morphy,Carlsen
Nakamura,Capablanca
Nakamura,Kasparov
Morphy,Carlsen
Kasparov,Fischer
Kasparov,Carlsen
Morphy,Capablanca
Kasparov,Carlsen
Nakamura,Capablanca
Fischer,Fischer
Fischer,Kasparov
Fischer,Nakamura
Kasparov,Capablanca
Capablanca,Capablanca
Fischer,Kasparov
Capablanca,Carlsen
Capablanca,Morphy
Nakamura,Capablanca
Fischer,Carlsen
Morphy,Capablanca
Capablanca,Fischer
Morphy,Fischer
Capablanca,Morphy
Fischer,Kasparov
Kasparov,Kasparov
Fischer,Capablanca
Capablanca,Capablanca
Fischer,Capablanca
Morphy,Carlsen
Nakamura,Carlsen
Kasparov,Capablanca
Carlsen,Capablanca
Fischer,Fischer
Morphy,Carlsen
Fischer,Carlsen
Morphy,Carlsen
Capablanca,Carlsen
Morphy,Carlsen
Morphy,Morphy
Morphy,Capablanca
Kasparov,Kasparov
Carlsen,Capablanca
Kasparov,Carlsen
Carlsen,Nakamura
Fischer,Carlsen
Fischer,Nakamura
Morphy,Nakamura
Kasparov,Morphy
Nakamura,Morphy
Fischer,Fischer
Fischer,Fischer
Kasparov,Morphy
Kasparov,Carlsen
Fischer,Morphy
Carlsen,Nakamura
Nakamura,Morphy
Fischer,Capablanca
Morphy,Morphy
Capablanca,Carlsen
Fischer,Nakamura
Morphy,Capablanca
Kasparov,Capablanca
Morphy,Carlsen
Fischer,Nakamura
Kasparov,Kasparov
Morphy,Kasparov
Nakamura,Carlsen
Capablanca,Fischer
Morphy,Kasparov
Carlsen,Kasparov
Morphy,Nakamura
Carlsen,Capablanca
Kasparov,Kasparov
Kasparov,Fischer
Fischer,Morphy
Morphy,Fischer
Capablanca,Capablanca
Nakamura,Kasparov
Morphy,Kasparov
Capablanca,Capablanca
Fischer,Morphy
Morphy,Capablanca
Morphy,Morphy
Nakamura,Fischer
Capablanca,Morphy
Morphy,Morphy
Nakamura,Fischer
Capablanca,Fischer
Nakamura,Fischer
Fischer,Fischer
Kasparov,Morphy
Kasparov,Kasparov
Fischer,Nakamura
Nakamura,Morphy
Morphy,Capablanca
Fischer,Morphy
Morphy,Carlsen
Capablanca,Capablanca
Morphy,Nakamura
Capablanca,Carlsen
Capablanca,Fischer
Kasparov,Nakamura
Kasparov,Carlsen
Carlsen,Carlsen
Morphy,Kasparov
Morphy,Nakamura
Carlsen,Morphy
Morphy,Fischer
Capablanca,Fischer
Kasparov,Nakamura
Capablanca,Fischer
Morphy,Kasparov
Morphy,Kasparov
Capablanca,Capablanca
Nakamura,Carlsen
Fischer,Morphy
Nakamura,Carlsen
Fischer,Nakamura
Nakamura,Fischer
Capablanca,Carlsen
Morphy,Nakamura
Morphy,Capablanca
Fischer,Nakamura
Kasparov,Fischer
Kasparov,Kasparov
Morphy,Morphy
Morphy,Fischer
Capablanca,Morphy
Fischer,Fischer
Fischer,Morphy
Fischer,Kasparov
Nakamura,Morphy
Fischer,Capablanca
Fischer,Capablanca
Capablanca,Kasparov
Kasparov,Kasparov
Nakamura,Capablanca
Nakamura,Morphy
Carlsen,Morphy
Kasparov,Morphy
Capablanca,Kasparov
Nakamura,Fischer
Fischer,Fischer
Fischer,Fischer
Morphy,Nakamura
Morphy,Carlsen
Capablanca,Morphy
Kasparov,Nakamura
Capablanca,Fischer
Kasparov,Capablanca
Nakamura,Nakamura
Capablanca,Morphy
Morphy,Kasparov
Morphy,Nakamura
Fischer,Nakamura
Fischer,Fischer
Capablanca,Nakamura
Fischer,Carlsen
Kasparov,Fischer
Fischer,Fischer
Fischer,Kasparov
Morphy,Nakamura
Capablanca,Nakamura
Carlsen,Fischer
Morphy,Nakamura
Fischer,Fischer
Fischer,Nakamura
Fischer,Kasparov
Morphy,Morphy
Fischer,Capablanca
Morphy,Carlsen
Nakamura,Nakamura
Morphy,Morphy
Carlsen,Morphy
Morphy,Nakamura
Carlsen,Nakamura
Fischer,Carlsen
Nakamura,Carlsen
Morphy,Capablanca
Capablanca,Carlsen
Morphy,Nakamura
Capablanca,Kasparov
Capablanca,Nakamura
Capablanca,Carlsen
Capablanca,Kasparov
Kasparov,Carlsen
Kasparov,Kasparov
Morphy,Capablanca
Fischer,Nakamura
Capablanca,Carlsen
Nakamura,Fischer
Carlsen,Capablanca
Nakamura,Morphy
Kasparov,Fischer
Morphy,Capablanca
Morphy,Nakamura
Fischer,Morphy
Capablanca,Fischer
Capablanca,Morphy
Morphy,Fischer
Capablanca,Carlsen
Capablanca,Morphy
Fischer,Carlsen
Carlsen,Fischer
Capablanca,Capablanca
Capablanca,Nakamura
Capablanca,Fischer
Morphy,Carlsen
Morphy,Kasparov
Morphy,Kasparov
Nakamura,Nakamura
Morphy,Fischer
Morphy,Morphy
Capablanca,Kasparov
Kasparov,Morphy
Morphy,Kasparov
Morphy,Carlsen
Nakamura,Morphy
Capablanca,Fischer
Capablanca,Capablanca
Morphy,Carlsen
Kasparov,Nakamura
Morphy,Morphy
Kasparov,Capablanca
Morphy,Fischer
Carlsen,Nakamura
Morphy,Carlsen
Morphy,Kasparov
Fischer,Kasparov
Morphy,Kasparov
Morphy,Nakamura
Morphy,Morphy
Capablanca,Carlsen
Carlsen,Carlsen
Fischer,Nakamura
Kasparov,Nakamura
Kasparov,Nakamura
Carlsen,Capablanca
Carlsen,Fischer
Morphy,Carlsen
Fischer,Morphy
Nakamura,Nakamura
Capablanca,Kasparov
Morphy,Capablanca
Carlsen,Fischer
Morphy,Fischer
Nakamura,Kasparov
Kasparov,Kasparov
Capablanca,Nakamura
Morphy,Carlsen
Morphy,Carlsen
Morphy,Carlsen
Morphy,Kasparov
Capablanca,Fischer
Kasparov,Nakamura
Fischer,Carlsen
Nakamura,Fischer
Capablanca,Carlsen
Fischer,Morphy
Capablanca,Kasparov
Carlsen,Morphy
Fischer,Fischer
Carlsen,Kasparov
Morphy,Fischer
Morphy,Capablanca
Nakamura,Nakamura
Carlsen,Morphy
Capablanca,Fischer
Fischer,Fischer
Morphy,Fischer
Kasparov,Fischer
Fischer,Capablanca
Nakamura,Morphy
Fischer,Capablanca
Carlsen,Capablanca
Morphy,Carlsen
Kasparov,Nakamura
Fischer,Morphy
Morphy,Capablanca
Capablanca,Fischer
Morphy,Capablanca
Kasparov,Carlsen
Nakamura,Kasparov
Morphy,Carlsen
Nakamura,Kasparov
Morphy,Capablanca
Kasparov,Fischer
Kasparov,Carlsen
Capablanca,Capablanca
Morphy,Nakamura
Capablanca,Carlsen
Fischer,Kasparov
Capablanca,Kasparov
Morphy,Kasparov
Morphy,Nakamura
Fischer,Nakamura
Kasparov,Capablanca
Kasparov,Nakamura
Kasparov,Morphy
Nakamura,Capablanca
Morphy,Capablanca
Morphy,Morphy
Morphy,Fischer
Fischer,Nakamura
Capablanca,Kasparov
Morphy,Nakamura
Carlsen,Nakamura
Carlsen,Kasparov
Kasparov,Kasparov
Capablanca,Carlsen
Morphy,Capablanca
Fischer,Carlsen
Fischer,Capablanca
Fischer,Fischer
Capablanca,Nakamura
Capablanca,Fischer
Kasparov,Kasparov
Fischer,Fischer
Capablanca,Nakamura
Morphy,Carlsen
Capablanca,Kasparov
Nakamura,Capablanca
Carlsen,Fischer
Capablanca,Nakamura
Kasparov,Kasparov
Capablanca,Carlsen
Kasparov,Carlsen
Capablanca,Kasparov
Morphy,Capablanca
Carlsen,Nakamura
Morphy,Fischer
Morphy,Capablanca
Carlsen,Morphy
Kasparov,Capablanca
Capablanca,Morphy
Morphy,Nakamura
Carlsen,Kasparov
Fischer,Kasparov
Morphy,Capablanca
Kasparov,Kasparov
Carlsen,Carlsen
Capablanca,Carlsen
Morphy,Nakamura
Fischer,Morphy
Fischer,Capablanca
Carlsen,Kasparov
Morphy,Kasparov
Kasparov,Nakamura
Morphy,Carlsen
Fischer,Fischer
Kasparov,Fischer
Kasparov,Nakamura
Morphy,Morphy
Kasparov,Nakamura
Morphy,Carlsen
Kasparov,Fischer
Morphy,Morphy
Morphy,Kasparov
Fischer,Kasparov
Morphy,Carlsen
Kasparov,Nakamura
Capablanca,Nakamura
Nakamura,Fischer
Kasparov,Carlsen
Morphy,Capablanca
Nakamura,Fischer
Morphy,Capablanca
Morphy,Capablanca
Kasparov,Nakamura
Carlsen,Fischer
Capablanca,Kasparov
Morphy,Carlsen
Capablanca,Fischer
Capablanca,Kasparov
Kasparov,Nakamura
Nakamura,Carlsen
Morphy,Kasparov
Kasparov,Fischer
Carlsen,Kasparov
Nakamura,Capablanca
Kasparov,Carlsen
Morphy,Morphy
Capablanca,Carlsen
Kasparov,Kasparov
Nakamura,Capablanca
Fischer,Fischer
Kasparov,Capablanca
Kasparov,Morphy
Fischer,Carlsen
Morphy,Kasparov
Fischer,Morphy
Morphy,Nakamura
Fischer,Nakamura
Kasparov,Carlsen
Capablanca,Nakamura
Nakamura,Morphy
Kasparov,Carlsen
Fischer,Nakamura
Nakamura,Morphy
Kasparov,Kasparov
Morphy,Fischer
Fischer,Fischer
Morphy,Nakamura
Kasparov,Nakamura
Kasparov,Carlsen
Nakamura,Fischer
Morphy,Capablanca
Capablanca,Morphy
Morphy,Fischer
Fischer,Carlsen
Carlsen,Morphy
Kasparov,Fischer
Kasparov,Morphy
Kasparov,Capablanca
Morphy,Fischer
Morphy,Nakamura
Kasparov,Fischer
Capablanca,Morphy
Nakamura,Carlsen
Morphy,Nakamura
Capablanca,Fischer
Morphy,Kasparov
Kasparov,Nakamura
Morphy,Fischer
Kasparov,Kasparov
Fischer,Carlsen
Capablanca,Capablanca
Carlsen,Nakamura
Morphy,Kasparov
Kasparov,Carlsen
Fischer,Capablanca
Capablanca,Morphy
Morphy,Nakamura
Fischer,Morphy
Fischer,Kasparov
Fischer,Kasparov
Kasparov,Nakamura
Kasparov,Fischer
Capablanca,Fischer
Kasparov,Kasparov
Nakamura,Morphy
Nakamura,Fischer
Morphy,Nakamura
Capablanca,Fischer
Capablanca,Carlsen
Fischer,Carlsen
Fischer,Nakamura
Carlsen,Nakamura
Fischer,Kasparov
Capablanca,Morphy
Capablanca,Kasparov
Morphy,Kasparov
Fischer,Carlsen
Capablanca,Capablanca
Morphy,Capablanca
Carlsen,Capablanca
Morphy,Fischer
Fischer,Morphy
Morphy,Capablanca
Fischer,Capablanca
Nakamura,Capablanca
Morphy,Kasparov
Fischer,Carlsen
Kasparov,Kasparov
Morphy,Capablanca
Nakamura,Kasparov
Morphy,Carlsen
Kasparov,Nakamura
Fischer,Nakamura
Nakamura,Capablanca
Morphy,Carlsen
Morphy,Morphy
Kasparov,Capablanca
Morphy,Nakamura
Morphy,Fischer
Nakamura,Nakamura
Capablanca,Carlsen
Nakamura,Kasparov
Kasparov,Morphy
Morphy,Morphy
Fischer,Capablanca
Capablanca,Carlsen
Fischer,Nakamura
Nakamura,Capablanca
Capablanca,Carlsen
Capablanca,Morphy
Nakamura,Fischer
Fischer,Morphy
Morphy,Capablanca
Fischer,Capablanca
Fischer,Morphy
Morphy,Kasparov
Capablanca,Morphy
Fischer,Morphy
Capablanca,Nakamura
Kasparov,Carlsen
Fischer,Kasparov
Capablanca,Morphy
Morphy,Nakamura
Morphy,Capablanca
Carlsen,Morphy
Morphy,Morphy
Carlsen,Kasparov
Kasparov,Nakamura
Morphy,Kasparov
Nakamura,Nakamura
Kasparov,Carlsen
Kasparov,Kasparov
Capablanca,Fischer
Morphy,Carlsen
Kasparov,Carlsen
Kasparov,Capablanca
Capablanca,Fischer
Kasparov,Kasparov
Carlsen,Nakamura
Fischer,Kasparov
Fischer,Morphy
Capablanca,Carlsen
Morphy,Fischer
Fischer,Fischer
Fischer,Carlsen
Fischer,Carlsen
Fischer,Morphy
Carlsen,Nakamura
Morphy,Kasparov
Nakamura,Fischer
Carlsen,Morphy
Morphy,Fischer
Kasparov,Kasparov
Morphy,Capablanca
Kasparov,Kasparov
Kasparov,Capablanca
Kasparov,Fischer
Fischer,Fischer
Morphy,Fischer
Fischer,Nakamura
Kasparov,Kasparov
Kasparov,Carlsen
Morphy,Morphy
Nakamura,Fischer
Nakamura,Carlsen
Fischer,Fischer
Kasparov,Kasparov
Carlsen,Nakamura
Kasparov,Capablanca
Kasparov,Fischer
Morphy,Capablanca
Kasparov,Morphy
Capablanca,Fischer
Morphy,Fischer
Morphy,Nakamura
Morphy,Carlsen
Fischer,Nakamura
Kasparov,Kasparov
Carlsen,Nakamura
Fischer,Fischer
Fischer,Kasparov
Morphy,Nakamura
Morphy,Morphy
Nakamura,Capablanca
Kasparov,Kasparov
Fischer,Carlsen
Carlsen,Capablanca
Nakamura,Nakamura
Carlsen,Kasparov
Nakamura,Carlsen
Capablanca,Fischer
Morphy,Morphy
Morphy,Carlsen
Carlsen,Fischer
Morphy,Capablanca
Morphy,Carlsen
Fischer,Kasparov
Carlsen,Carlsen
Morphy,Kasparov
Morphy,Carlsen
Capablanca,Morphy
Fischer,Nakamura
Fischer,Kasparov
Fischer,Morphy
Nakamura,Carlsen
Morphy,Fischer
Capablanca,Fischer
Morphy,Fischer
Morphy,Nakamura
Carlsen,Carlsen
Capablanca,Fischer
Carlsen,Fischer
Capablanca,Morphy
Morphy,Morphy
Morphy,Carlsen
Kasparov,Nakamura
Capablanca,Capablanca
Morphy,Morphy
Fischer,Morphy
Kasparov,Morphy
Morphy,Nakamura
Kasparov,Morphy
Fischer,Morphy
Nakamura,Kasparov
Fischer,Capablanca
Kasparov,Carlsen
Morphy,Kasparov
Morphy,Capablanca
Capablanca,Carlsen
Nakamura,Nakamura
Carlsen,Fischer
Morphy,Carlsen
Fischer,Kasparov
Carlsen,Carlsen
Carlsen,Morphy
Fischer,Fischer
Carlsen,Carlsen
Fischer,Fischer
Morphy,Fischer
Morphy,Nakamura
Carlsen,Capablanca
Capablanca,Morphy
Fischer,Capablanca
Kasparov,Carlsen
Carlsen,Fischer
Nakamura,Morphy
Kasparov,Capablanca
Morphy,Capablanca
Capablanca,Capablanca
Fischer,Carlsen
Kasparov,Capablanca
Kasparov,Morphy
Morphy,Carlsen
Nakamura,Nakamura
Fischer,Fischer
Fischer,Morphy
Fischer,Fischer
Fischer,Nakamura
Kasparov,Nakamura
Morphy,Kasparov
Capablanca,Fischer
Fischer,Nakamura
Carlsen,Capablanca
Fischer,Capablanca
Carlsen,Capablanca
Carlsen,Capablanca
Fischer,Morphy
Fischer,Nakamura
Fischer,Nakamura
Capablanca,Nakamura
Fischer,Fischer
Fischer,Kasparov
Kasparov,Morphy
Nakamura,Morphy
Capablanca,Nakamura
Fischer,Kasparov
Carlsen,Kasparov
Fischer,Fischer
Kasparov,Nakamura
Nakamura,Kasparov
Morphy,Morphy
Fischer,Capablanca
Fischer,Carlsen
Fischer,Nakamura
Nakamura,Carlsen
Capablanca,Kasparov
Kasparov,Fischer
Kasparov,Kasparov
Morphy,Fischer
Fischer,Carlsen
Nakamura,Fischer
Morphy,Fischer
Nakamura,Carlsen
Morphy,Capablanca
Morphy,Nakamura
Capablanca,Carlsen
Nakamura,Kasparov
Morphy,Carlsen
Nakamura,Carlsen
Fischer,Carlsen
Kasparov,Morphy
Capablanca,Capablanca
Nakamura,Morphy
Fischer,Carlsen
Kasparov,Nakamura
Kasparov,Capablanca
Morphy,Carlsen
Morphy,Kasparov
Fischer,Kasparov
Nakamura,Nakamura
Kasparov,Nakamura
Nakamura,Capablanca
Capablanca,Kasparov
Morphy,Nakamura
Carlsen,Fischer
Morphy,Capablanca
Capablanca,Kasparov
Fischer,Nakamura
Fischer,Nakamura
Morphy,Nakamura
Capablanca,Fischer
Fischer,Morphy
Nakamura,Nakamura
Morphy,Capablanca
Nakamura,Carlsen
Capablanca,Capablanca
Kasparov,Capablanca
Kasparov,Nakamura
Fischer,Morphy
Capablanca,Fischer
Kasparov,Kasparov
Carlsen,Carlsen
Morphy,Fischer
Kasparov,Kasparov
Fischer,Nakamura
Kasparov,Carlsen
Nakamura,Fischer
Nakamura,Morphy
Kasparov,Morphy
Kasparov,Fischer
Fischer,Kasparov
Capablanca,Morphy
Morphy,Carlsen
Fischer,Nakamura
Morphy,Morphy
Kasparov,Nakamura
Morphy,Kasparov
Nakamura,Morphy
Capablanca,Kasparov
Morphy,Morphy
Capablanca,Capablanca
Morphy,Kasparov
Kasparov,Carlsen
Nakamura,Carlsen
Fischer,Capablanca
Kasparov,Capablanca
Fischer,Carlsen
Morphy,Capablanca
Morphy,Capablanca
Kasparov,Carlsen
Capablanca,Capablanca
Kasparov,Carlsen
Kasparov,Fischer
Kasparov,Carlsen
Morphy,Morphy
Capablanca,Kasparov
Fischer,Morphy
Fischer,Kasparov
Morphy,Kasparov
Fischer,Capablanca
Morphy,Morphy
Nakamura,Kasparov
Capablanca,Capablanca
Fischer,Nakamura
Capablanca,Capablanca
Fischer,Fischer
Nakamura,Fischer
Nakamura,Fischer
Kasparov,Carlsen
Morphy,Morphy
Capablanca,Fischer
Kasparov,Nakamura
Morphy,Carlsen
Kasparov,Kasparov
Fischer,Kasparov
Fischer,Carlsen
Morphy,Carlsen
Kasparov,Nakamura
Morphy,Kasparov
Capablanca,Capablanca
Morphy,Morphy
Kasparov,Fischer
Morphy,Morphy
Capablanca,Fischer
Morphy,Morphy
Carlsen,Capablanca
Capablanca,Nakamura
Fischer,Carlsen
Capablanca,Nakamura
Kasparov,Nakamura
Morphy,Morphy
Morphy,Kasparov
Morphy,Nakamura
Nakamura,Capablanca
Capablanca,Nakamura
Fischer,Carlsen
Morphy,Kasparov
Morphy,Fischer
Nakamura,Carlsen
Morphy,Morphy
Kasparov,Carlsen
Fischer,Fischer
Capablanca,Kasparov
Morphy,Kasparov
Morphy,Nakamura
Nakamura,Carlsen
Fischer,Carlsen
Kasparov,Kasparov
Morphy,Morphy
Nakamura,Capablanca
Morphy,Capablanca
Fischer,Carlsen
Morphy,Carlsen
Kasparov,Kasparov
Capablanca,Carlsen
Carlsen,Nakamura
Carlsen,Fischer
Kasparov,Fischer
Capablanca,Carlsen
Kasparov,Carlsen
Carlsen,Fischer
Fischer,Fischer
Fischer,Fischer
Morphy,Carlsen
Capablanca,Capablanca
Morphy,Nakamura
Fischer,Fischer
Capablanca,Kasparov
Fischer,Morphy
Fischer,Kasparov
Carlsen,Capablanca
Fischer,Kasparov
Morphy,Kasparov
Fischer,Kasparov
Capablanca,Morphy
Fischer,Capablanca
Morphy,Morphy
Morphy,Carlsen
Fischer,Morphy
Nakamura,Capablanca
Fischer,Capablanca
Carlsen,Capablanca
Fischer,Nakamura
Fischer,Morphy
Fischer,Morphy
Capablanca,Fischer
Kasparov,Kasparov
Morphy,Fischer
Capablanca,Kasparov
Kasparov,Kasparov
Nakamura,Fischer
Fischer,Fischer
Morphy,Fischer
Fischer,Carlsen
Carlsen,Kasparov
Capablanca,Morphy
Morphy,Capablanca
Kasparov,Morphy
Carlsen,Nakamura
Fischer,Nakamura
Morphy,Carlsen
Morphy,Nakamura
Morphy,Carlsen
Kasparov,Carlsen
Nakamura,Kasparov
Fischer,Morphy
Carlsen,Morphy
Kasparov,Kasparov
Kasparov,Capablanca
Morphy,Carlsen
Fischer,Kasparov
Carlsen,Morphy
Capablanca,Capablanca
Fischer,Capablanca
Fischer,Capablanca
Fischer,Carlsen
Fischer,Capablanca
Kasparov,Nakamura
Morphy,Kasparov
Kasparov,Fischer
Capablanca,Nakamura
Fischer,Morphy
Kasparov,Fischer
Capablanca,Carlsen
Carlsen,Morphy
Kasparov,Nakamura
Capablanca,Carlsen
Kasparov,Morphy
Nakamura,Morphy
Kasparov,Carlsen
Fischer,Kasparov
Morphy,Fischer
Fischer,Kasparov
Kasparov,Kasparov
Morphy,Fischer
Carlsen,Carlsen
Fischer,Morphy
Capablanca,Fischer
Morphy,Kasparov
Nakamura,Capablanca
Fischer,Nakamura
Morphy,Capablanca
Capablanca,Kasparov
Nakamura,Morphy
Fischer,Capablanca
Fischer,Fischer
Kasparov,Fischer
Nakamura,Fischer
Fischer,Morphy
Morphy,Nakamura
Kasparov,Carlsen
Morphy,Fischer
Fischer,Kasparov
Carlsen,Kasparov
Morphy,Morphy
Kasparov,Nakamura
Kasparov,Carlsen
Nakamura,Capablanca
Kasparov,Morphy
Morphy,Nakamura
Nakamura,Morphy
Kasparov,Carlsen
Fischer,Kasparov
Carlsen,Fischer
Morphy,Morphy
Capablanca,Kasparov
Nakamura,Kasparov
Capablanca,Nakamura
Kasparov,Morphy
Morphy,Fischer
Morphy,Capablanca
Morphy,Nakamura
Nakamura,Nakamura
Kasparov,Kasparov
Capablanca,Kasparov
Nakamura,Morphy
Morphy,Carlsen
Fischer,Capablanca
Fischer,Carlsen
Capablanca,Nakamura
Morphy,Nakamura
Kasparov,Fischer
Nakamura,Fischer
Carlsen,Fischer
Morphy,Morphy
Morphy,Capablanca
Fischer,Morphy
Fischer,Nakamura
Morphy,Fischer
Kasparov,Morphy
Morphy,Nakamura
Morphy,Carlsen
Fischer,Capablanca
Nakamura,Capablanca
Fischer,Kasparov
Nakamura,Kasparov
Carlsen,Fischer
Capablanca,Capablanca
Kasparov,Kasparov
Nakamura,Morphy
Kasparov,Kasparov
Fischer,Capablanca
Kasparov,Fischer
Nakamura,Fischer
Morphy,Carlsen
Nakamura,Kasparov
Carlsen,Fischer
Fischer,Fischer
Carlsen,Capablanca
Capablanca,Nakamura
Carlsen,Morphy
Kasparov,Morphy
Morphy,Nakamura
Morphy,Nakamura
Fischer,Capablanca
Morphy,Carlsen
Kasparov,Carlsen
Morphy,Fischer
Morphy,Fischer
Kasparov,Capablanca
Nakamura,Kasparov
Fischer,Capablanca
Kasparov,Morphy
Morphy,Morphy
Nakamura,Carlsen
Fischer,Nakamura
Morphy,Fischer
Morphy,Carlsen
Fischer,Nakamura
Fischer,Morphy
Kasparov,Fischer
Kasparov,Nakamura
Morphy,Morphy
Fischer,Fischer
Capablanca,Morphy
Nakamura,Kasparov
Carlsen,Carlsen
Morphy,Kasparov
Fischer,Kasparov
Capablanca,Fischer
Kasparov,Capablanca
Capablanca,Fischer
Kasparov,Fischer
Capablanca,Fischer
Fischer,Fischer
Morphy,Capablanca
Nakamura,Capablanca
Capablanca,Nakamura
Kasparov,Nakamura
Morphy,Fischer
Carlsen,Kasparov
Carlsen,Capablanca
Morphy,Nakamura
Morphy,Morphy
Kasparov,Kasparov
Fischer,Nakamura
Kasparov,Capablanca
Carlsen,Morphy
Kasparov,Kasparov
Nakamura,Morphy
Fischer,Fischer
Fischer,Morphy
Morphy,Morphy
Capablanca,Nakamura
Morphy,Carlsen
Fischer,Morphy
Carlsen,Fischer
Carlsen,Nakamura
Fischer,Carlsen
Kasparov,Morphy
Nakamura,Morphy
Kasparov,Carlsen
Carlsen,Kasparov
Morphy,Kasparov
Morphy,Kasparov
Nakamura,Capablanca
Morphy,Morphy
Kasparov,Carlsen
Morphy,Morphy
Morphy,Kasparov
Kasparov,Fischer
Nakamura,Fischer
Morphy,Nakamura
Kasparov,Carlsen
Capablanca,Morphy
Carlsen,Fischer
Fischer,Capablanca
Morphy,Fischer
Capablanca,Carlsen
Fischer,Fischer
Fischer,Fischer
Nakamura,Fischer
Kasparov,Capablanca
Capablanca,Capablanca
Morphy,Nakamura
Morphy,Capablanca
Kasparov,Fischer
Nakamura,Kasparov
Nakamura,Capablanca
Carlsen,Fischer
Kasparov,Capablanca
Fischer,Nakamura
Carlsen,Fischer
Kasparov,Morphy
Fischer,Nakamura
Fischer,Kasparov
Morphy,Capablanca
Fischer,Kasparov
Nakamura,Nakamura
Kasparov,Nakamura
Fischer,Morphy
Nakamura,Fischer
Fischer,Capablanca
Kasparov,Capablanca
Morphy,Morphy
Morphy,Kasparov
Kasparov,Morphy
Capablanca,Kasparov
Fischer,Nakamura
Fischer,Fischer
Morphy,Morphy
Carlsen,Carlsen
Kasparov,Fischer
Morphy,Capablanca
Fischer,Morphy
Capablanca,Capablanca
Capablanca,Kasparov
Capablanca,Fischer
Morphy,Nakamura
Carlsen,Fischer
Carlsen,Fischer
Nakamura,Capablanca
Nakamura,Nakamura
Morphy,Morphy
Kasparov,Fischer
Morphy,Carlsen
Morphy,Carlsen
Capablanca,Capablanca
Kasparov,Capablanca
Capablanca,Fischer
Kasparov,Capablanca
Kasparov,Capablanca
Carlsen,Kasparov
Fischer,Fischer
Carlsen,Kasparov
Morphy,Kasparov
Capablanca,Nakamura
Capablanca,Kasparov
Morphy,Fischer
Fischer,Capablanca
Nakamura,Carlsen
Morphy,Carlsen
Capablanca,Carlsen
Morphy,Nakamura
Fischer,Kasparov
Nakamura,Nakamura
Kasparov,Capablanca
Carlsen,Nakamura
Carlsen,Fischer
Kasparov,Capablanca
Kasparov,Carlsen
Fischer,Morphy
Kasparov,Carlsen
Fischer,Fischer
Morphy,Carlsen
Fischer,Nakamura
Nakamura,Kasparov
Morphy,Capablanca
Capablanca,Nakamura
Fischer,Morphy
Kasparov,Fischer
Morphy,Fischer
Carlsen,Carlsen
Morphy,Kasparov
Carlsen,Nakamura
Morphy,Carlsen
Fischer,Capablanca
Fischer,Fischer
Fischer,Kasparov
Fischer,Carlsen
Carlsen,Kasparov
Capablanca,Capablanca
Morphy,Capablanca
Carlsen,Nakamura
Kasparov,Morphy
Nakamura,Nakamura
Carlsen,Kasparov
Fischer,Capablanca
Morphy,Kasparov
Kasparov,Carlsen
Carlsen,Fischer
Nakamura,Capablanca
Kasparov,Carlsen
Fischer,Morphy
Capablanca,Capablanca
Morphy,Kasparov
Kasparov,Kasparov
Morphy,Nakamura
Fischer,Kasparov
Fischer,Morphy
Morphy,Carlsen
Morphy,Nakamura
Fischer,Kasparov
Kasparov,Carlsen
Capablanca,Morphy
Fischer,Kasparov
Morphy,Nakamura
Fischer,Capablanca
Capablanca,Carlsen
Nakamura,Capablanca
Kasparov,Carlsen
Nakamura,Capablanca
Morphy,Nakamura
Nakamura,Capablanca
Morphy,Capablanca
Kasparov,Capablanca
Carlsen,Capablanca
Capablanca,Capablanca
Kasparov,Kasparov
Morphy,Kasparov
Fischer,Capablanca
Capablanca,Nakamura
Morphy,Kasparov
Morphy,Carlsen
Kasparov,Capablanca
Kasparov,Capablanca
Fischer,Morphy
Kasparov,Morphy
Fischer,Carlsen
Capablanca,Capablanca
Morphy,Nakamura
Nakamura,Capablanca
Morphy,Capablanca
Capablanca,Nakamura
Nakamura,Morphy
Morphy,Fischer
Morphy,Kasparov
Carlsen,Capablanca
Nakamura,Capablanca
Morphy,Fischer
Fischer,Carlsen
Kasparov,Carlsen
Capablanca,Kasparov
Morphy,Carlsen
Fischer,Morphy
Morphy,Kasparov
Morphy,Capablanca
Carlsen,Carlsen
Kasparov,Carlsen
Carlsen,Kasparov
Capablanca,Carlsen
Fischer,Nakamura
Morphy,Capablanca
Carlsen,Morphy
Morphy,Carlsen
Capablanca,Morphy
Capablanca,Fischer
Capablanca,Kasparov
Fischer,Fischer
Nakamura,Fischer
Kasparov,Nakamura
Fischer,Morphy
Kasparov,Nakamura
Kasparov,Kasparov
Capablanca,Capablanca
Fischer,Kasparov
Fischer,Carlsen
Fischer,Capablanca
Nakamura,Carlsen
Fischer,Fischer
Fischer,Kasparov
Kasparov,Fischer
Kasparov,Fischer
Kasparov,Capablanca
Morphy,Carlsen
Morphy,Fischer
Fischer,Nakamura
Carlsen,Carlsen
Kasparov,Fischer
Fischer,Kasparov
Capablanca,Morphy
Nakamura,Fischer
Kasparov,Kasparov
Fischer,Morphy
Kasparov,Kasparov
Kasparov,Carlsen
Capablanca,Nakamura
Morphy,Fischer
Kasparov,Fischer
Kasparov,Nakamura
Morphy,Morphy
Fischer,Carlsen
Capablanca,Morphy
Fischer,Capablanca
Kasparov,Nakamura
Kasparov,Fischer
Kasparov,Capablanca
Kasparov,Nakamura
Morphy,Fischer
Morphy,Capablanca
Morphy,Capablanca
Carlsen,Fischer
Nakamura,Fischer
Carlsen,Nakamura
Fischer,Carlsen
Capablanca,Fischer
Fischer,Nakamura
Morphy,Fischer
Fischer,Nakamura
Fischer,Capablanca
Nakamura,Morphy
Carlsen,Carlsen
Fischer,Carlsen
Morphy,Morphy
Morphy,Carlsen
Kasparov,Carlsen
Morphy,Morphy
Morphy,Morphy
Capablanca,Nakamura
Capablanca,Carlsen
Nakamura,Kasparov
Nakamura,Carlsen
Morphy,Nakamura
Morphy,Morphy
Carlsen,Kasparov
Kasparov,Nakamura
Morphy,Nakamura
Fischer,Nakamura
Fischer,Carlsen
Morphy,Carlsen
Morphy,Capablanca
Morphy,Morphy
Morphy,Nakamura
Morphy,Capablanca
Morphy,Capablanca
Kasparov,Kasparov
Capablanca,Capablanca
